[{"Title":"Shole","Year":1980,"Color":true,"Actors":["Dharamendra","Amitabh","Hemamalani","GabbarSingh","Sanjeev Kumar"]},{"Title":"Bajarangi Bhaijan","Year":2010,"Color":true,"Actors":["Salman Khan","Nawajudin Sidqui","Little Girl"]},{"Title":"Mugle Azam","Year":1970,"Color":false,"Actors":["Dilip","Madhubala","Prithvi Raj Kapoor"]}]


[
  {
    "Title": "Shole",
    "Year": 1980,
    "Color": true,
    "Actors": [
      "Dharamendra",
      "Amitabh",
      "Hemamalani",
      "GabbarSingh",
      "Sanjeev Kumar"
    ]
  },
  {
    "Title": "Bajarangi Bhaijan",
    "Year": 2010,
    "Color": true,
    "Actors": [
      "Salman Khan",
      "Nawajudin Sidqui",
      "Little Girl"
    ]
  },
  {
    "Title": "Mugle Azam",
    "Year": 1970,
    "Color": false,
    "Actors": [
      "Dilip",
      "Madhubala",
      "Prithvi Raj Kapoor"
    ]
  }
]


